<?xml version="1.0" encoding="UTF-8"?>
<!DOCTYPE mapper PUBLIC "-//mybatis.org//DTD Mapper 3.0//EN" "http://mybatis.org/dtd/mybatis-3-mapper.dtd" >
<mapper namespace="cn.zdmake.metro.dao.IMetroDeptDao">
<resultMap id="deptResultMap" type="cn.zdmake.metro.model.MetroDept" >
	<id property="id" column="id"/>
	<result property="deptName" column="dept_name"/>
</resultMap>

<insert id="insertObj" parameterType="cn.zdmake.metro.model.MetroDept">
	INSERT INTO metro_dept(dept_name,is_del,create_time)
	VALUES(#{deptName},0,NOW())
</insert>

<update id="updateObj" parameterType="java.util.HashMap">
	UPDATE metro_dept set dept_name=#{deptName}	WHERE id=#{deptId}
</update>

<!-- 逻辑删除 -->
<update id="deleteObj" parameterType="java.util.HashMap">
	UPDATE metro_dept set is_del=1 WHERE id=#{deptId}
</update>

<select id="findObjById" parameterType="java.util.HashMap" resultMap="deptResultMap">
	SELECT id,dept_name FROM metro_dept WHERE id=#{deptId} AND is_del=0
</select>

<!-- 总记录数 -->
<select id="countObjs" parameterType="java.util.HashMap" resultType="java.lang.Integer">
	SELECT count(1) FROM metro_dept WHERE is_del=0
</select>

<!-- 分页查询 -->
<select id="findObjsList" parameterType="java.util.HashMap" resultMap="deptResultMap">
	SELECT id,dept_name FROM metro_dept WHERE is_del=0
</select>
</mapper>
