<?xml version="1.0" encoding="UTF-8"?>
<beans xmlns="http://www.springframework.org/schema/beans"
	xmlns:xsi="http://www.w3.org/2001/XMLSchema-instance" xmlns:context="http://www.springframework.org/schema/context"
	xmlns:mvc="http://www.springframework.org/schema/mvc" xmlns:tx="http://www.springframework.org/schema/tx"
	xmlns:p="http://www.springframework.org/schema/p" xmlns:aop="http://www.springframework.org/schema/aop"
	xmlns:jee="http://www.springframework.org/schema/jee"
	xsi:schemaLocation="http://www.springframework.org/schema/aop http://www.springframework.org/schema/aop/spring-aop-4.3.xsd
		http://www.springframework.org/schema/beans http://www.springframework.org/schema/beans/spring-beans-4.3.xsd
		http://www.springframework.org/schema/context http://www.springframework.org/schema/context/spring-context-4.3.xsd
		http://www.springframework.org/schema/jee http://www.springframework.org/schema/jee/spring-jee-4.3.xsd
		http://www.springframework.org/schema/tx http://www.springframework.org/schema/tx/spring-tx-4.3.xsd 
	    http://www.springframework.org/schema/mvc http://www.springframework.org/schema/mvc/spring-mvc-4.3.xsd">

	<!-- 注解扫描包 -->
	<context:component-scan base-package="cn.zdmake" />

	<!-- 开启注解 -->
	<mvc:annotation-driven>
		<mvc:message-converters register-defaults="true">
			<!-- 启动Spring MVC的注解功能，完成请求和注解POJO的映射 注解请求映射 默认是ISO-88859-1，避免乱码这里设置为UTF-8 -->
			<bean class="org.springframework.http.converter.StringHttpMessageConverter">
				<property name="supportedMediaTypes" value="text/html;charset=UTF-8" />
			</bean>
			<!-- 启动JSON格式的配置,自动将格式转换成JSON格式，不需要其他类 -->
			<bean id="jacksonMessageConverter"
				class="org.springframework.http.converter.json.MappingJackson2HttpMessageConverter" >
				<!-- 默认的Content-Type就是 application/json;charset=UTF-8
				<property name="supportedMediaTypes">
					<list>
						<value>application/json;charset=UTF-8</value>
					</list>
				</property>
				-->
				<!-- 指定转换时间格式 -->
				<property name="objectMapper">
					<bean class="com.fasterxml.jackson.databind.ObjectMapper">
						<property name="dateFormat">
							<bean class="java.text.SimpleDateFormat">
								<constructor-arg type="java.lang.String" value="yyyy-MM-dd HH:mm:ss"></constructor-arg>
							</bean>
						</property>
					</bean>
				</property>
			</bean>
		</mvc:message-converters>
	</mvc:annotation-driven>

	<!-- 静态资源的访问 -->
	<mvc:resources location="/plugins/" mapping="/plugins/**" />

	<!-- 注意：FreeMarker与SpringMVC集成时，其配置一定要放在SpringMVC的配置之前 -->
	<!-- 否则：在访问"/getUser"时服务器就会报告[HTTP Status 404 - /WEB-INF/jsp/myfree.jsp] -->
	<bean id="freemarkerConfig"
		class="org.springframework.web.servlet.view.freemarker.FreeMarkerConfigurer">
		<!-- 指定FreeMarker模板文件目录 -->
		<property name="templateLoaderPath" value="/WEB-INF/view/ftl/" />
		<!-- 编码设置 -->
		<property name="freemarkerSettings">
			<props>
				<prop key="defaultEncoding">UTF-8</prop>
				<prop key="auto_import">/spring/spring.ftl as s</prop>
				<prop key="number_format">0.######</prop>
				<!-- <prop key="defaultEncoding">UTF-8</prop> <prop key="tag_syntax">auto_detect</prop> 
					<prop key="template_update_delay">5</prop> <prop key="url_escaping_charset">UTF-8</prop> 
					<prop key="locale">zh_CN</prop> -->
				<!--<prop key="boolean_format">true,false</prop> <prop key="datetime_format">yyyy-MM-dd 
					HH:mm:ss</prop> <prop key="date_format">yyyy-MM-dd</prop> <prop key="time_format">HH:mm:ss</prop> 
					<prop key="number_format">0.######</prop> <prop key="whitespace_stripping">true</prop> -->
				<!--<prop key="classic_compatible">true</prop> 空值处理 -->
				<!--<prop key="auto_import">/ftl/tags/index.ftl as p,/ftl/spring.ftl 
					as s</prop> -->
				<!--<prop key="auto_import">/spring/spring.ftl as s</prop> -->
			</props>
		</property>
	</bean>
	<bean id="freeMarkerViewResolver"
		class="org.springframework.web.servlet.view.freemarker.FreeMarkerViewResolver">
		<!--<property name="prefix" value="" /> -->
		<property name="suffix" value=".ftl" />
		<property name="contentType" value="text/html; charset=UTF-8" />
		<property name="requestContextAttribute" value="request" />
	</bean>

	<!-- 定义视图解析器 -->
	<bean id="viewResolver"
		class="org.springframework.web.servlet.view.InternalResourceViewResolver">
		<property name="prefix" value="/WEB-INF/view/jsp/"></property>
		<property name="suffix" value=".jsp"></property>
	</bean>

	<!-- FileUpload Support -->
	<bean id="multipartResolver" class="cn.zdmake.metro.base.resolver.ZookeMultipartResolver">
		<property name="excludeUrls" value="/massmessage/uploadimg" />
		<property name="defaultEncoding" value="utf-8" />
	</bean>

	<!-- 拦截器配置 -->
	<mvc:interceptors>
		<mvc:interceptor>
			<mvc:mapping path="/**" />
			<mvc:exclude-mapping path="/plugins/**" />
			<mvc:exclude-mapping path="/login/index" />
			<mvc:exclude-mapping path="/login/check/login" />
			<mvc:exclude-mapping path="/login/get/vcode/img" />
			<bean class="cn.zdmake.metro.base.interceptor.VisitorInterceptor" />
		</mvc:interceptor>
	</mvc:interceptors>

	<aop:aspectj-autoproxy proxy-target-class="true" />
	<!-- 拦截器方式配置事务 -->
	
	<!--
	<tx:annotation-driven transaction-manager="transactionManager"/>
	-->
	
	<tx:advice id="transactionAdvice" transaction-manager="transactionManager">
		<tx:attributes>
			<tx:method name="add*" propagation="REQUIRED" />
			<tx:method name="append*" propagation="REQUIRED" />
			<tx:method name="insert*" propagation="REQUIRED" />
			<tx:method name="save*" propagation="REQUIRED" />
			<tx:method name="update*" propagation="REQUIRED" />
			<tx:method name="modify*" propagation="REQUIRED" />
			<tx:method name="edit*" propagation="REQUIRED" />
			<tx:method name="delete*" propagation="REQUIRED" />
			<tx:method name="remove*" propagation="REQUIRED" />
			<tx:method name="upload*" propagation="REQUIRED" />
			<tx:method name="repair" propagation="REQUIRED" />
			<tx:method name="delAndRepair" propagation="REQUIRED" />

			<tx:method name="get*" propagation="SUPPORTS" />
			<tx:method name="find*" propagation="SUPPORTS" />
			<tx:method name="load*" propagation="SUPPORTS" />
			<tx:method name="search*" propagation="SUPPORTS" />
			<tx:method name="datagrid*" propagation="SUPPORTS" />
			<!-- rollback-for 指定事物回滚触发异常 -->
			<tx:method name="*" propagation="SUPPORTS"
				rollback-for="cn.zdmake.metro.base.utils.ZookeTransactionException" />
		</tx:attributes>
	</tx:advice>

	<aop:config>
		<aop:pointcut id="transactionPointcut"
			expression="execution(* cn.zdmake.metro.service.impl.*.*(..))" />
		<aop:advisor pointcut-ref="transactionPointcut"
			advice-ref="transactionAdvice" />
	</aop:config>
	<bean id="sysDataInit" class="cn.zdmake.metro.base.init.SysDataInit" />
</beans>